{
    "project_info": {
      "project_number": "437633973214",
      "project_id": "mywakeel-4b0af",
      "storage_bucket": "mywakeel-4b0af.appspot.com"
    },
    "client": [
      {
        "client_info": {
          "mobilesdk_app_id": "1:437633973214:android:c3e8d101e018a272b23b4f",
          "android_client_info": {
            "package_name": "com.mywakeel.mywakeel"
          }
        },
        "oauth_client": [
          {
            "client_id": "437633973214-qtpq7po3ka7h3732hup1fb5antdk3fda.apps.googleusercontent.com",
            "client_type": 1,
            "android_info": {
              "package_name": "com.mywakeel.mywakeel",
              "certificate_hash": "bcb455aa0c59418079e74d448bc6c2d7355f7b71"
            }
          },
          {
            "client_id": "437633973214-plvbpggqkadieafeiael2sr0972ligf0.apps.googleusercontent.com",
            "client_type": 3
          }
        ],
        "api_key": [
          {
            "current_key": "AIzaSyDRAWelspN_aNXFKG_2KQI5oCNC_kncqEI"
          }
        ],
        "services": {
          "appinvite_service": {
            "other_platform_oauth_client": [
              {
                "client_id": "437633973214-plvbpggqkadieafeiael2sr0972ligf0.apps.googleusercontent.com",
                "client_type": 3
              }
            ]
          }
        }
      }
    ],
    "configuration_version": "1"
  }